precision,L1 Error,L2 Error,Linf Error
FP16,0.320370138,0.363545775,0.676876545
FP32,0.326218545,0.369619161,0.679581046
FP64,0.3262185932135979,0.3696191819326243,0.6795807366515609
FP128,0.32621859321359803,0.3696191819326252,0.6795807366515724
