precision,L1 Error,L2 Error,Linf Error
FP16,0.581583381,0.708849728,2.8811419
FP32,0.573692501,0.713147163,2.85370445
FP64,0.5736850935182676,0.7131389545747683,2.8536846810857575
FP128,0.573685093518272,0.7131389545747735,2.853684681085763
